DROP DATABASE IF EXISTS travel_agency;
CREATE DATABASE travel_agency;

USE travel_agency;

DROP TABLE IF EXISTS branch;
CREATE TABLE branch
(branch_code INT(11) UNSIGNED NOT NULL AUTO_INCREMENT,
branch_street VARCHAR(30) NOT NULL,
branch_num INT(4) UNSIGNED NOT NULL,
branch_city VARCHAR(30) NOT NULL,
PRIMARY KEY(branch_code));

DROP TABLE IF EXISTS phones;
CREATE TABLE phones
(phones_br_code INT(11) UNSIGNED NOT NULL,
phones_number CHAR(10) NOT NULL,
PRIMARY KEY(phones_br_code,phones_number),
CONSTRAINT BRANCHPHONES 
FOREIGN KEY(phones_br_code) REFERENCES branch(branch_code)
ON DELETE CASCADE ON UPDATE CASCADE);

DROP TABLE IF EXISTS worker;
CREATE TABLE worker
(worker_AT CHAR(10) NOT NULL, 
worker_name VARCHAR(20) DEFAULT 'unknown' NOT NULL,
worker_lname VARCHAR(20) DEFAULT 'unknown' NOT NULL,
worker_salary FLOAT(7,2) UNSIGNED NOT NULL, 
worker_br_code INT(11) UNSIGNED NOT NULL, 
PRIMARY KEY(worker_AT),
CONSTRAINT WORKERBRANCH
FOREIGN KEY(worker_br_code) REFERENCES branch(branch_code)
ON DELETE CASCADE ON UPDATE CASCADE);

DROP TABLE IF EXISTS admin;
CREATE TABLE admin
(admin_AT CHAR(10) NOT NULL,
admin_type ENUM('LOGISTICS','ADMINISTRATIVE','ACCOUNTING') NOT NULL,
admin_diploma VARCHAR(200) NOT NULL,
PRIMARY KEY(admin_AT),
CONSTRAINT ADMINWORKER 
FOREIGN KEY(admin_AT) REFERENCES worker(worker_AT)
ON DELETE CASCADE ON UPDATE CASCADE);

DROP TABLE IF EXISTS manages;
CREATE TABLE manages
(mng_adm_AT CHAR(10) NOT NULL,
mng_br_code INT(11) UNSIGNED NOT NULL,
PRIMARY KEY(mng_adm_AT,mng_br_code),
CONSTRAINT ADMINMANAGES
FOREIGN KEY(mng_adm_AT) REFERENCES admin(admin_AT),
CONSTRAINT MANAGESBRANCH
FOREIGN KEY(mng_br_code) REFERENCES branch(branch_code)
ON DELETE CASCADE ON UPDATE CASCADE);

DROP TABLE IF EXISTS driver;
CREATE TABLE driver
(driver_AT CHAR(10) NOT NULL,
driver_licence ENUM('A','B','C','D') NOT NULL,
driver_route ENUM('LOCAL','ABROAD') NOT NULL,
driver_experience TINYINT(4) UNSIGNED NOT NULL,
PRIMARY KEY(driver_AT),
CONSTRAINT DRIVERWORKER 
FOREIGN KEY(driver_AT) REFERENCES worker(worker_AT)
ON DELETE CASCADE ON UPDATE CASCADE);

DROP TABLE IF EXISTS guide;
CREATE TABLE guide
(guide_AT CHAR(10) NOT NULL,
guide_cv TEXT,
PRIMARY KEY(guide_AT),
CONSTRAINT GUIDEWORKER 
FOREIGN KEY(guide_AT) REFERENCES worker(worker_AT)
ON DELETE CASCADE ON UPDATE CASCADE);

DROP TABLE IF EXISTS languages;
CREATE TABLE languages
(lng_guide_AT CHAR(10) NOT NULL,
lng_language VARCHAR(30) NOT NULL,
PRIMARY KEY(lng_guide_AT,lng_language),
CONSTRAINT GUIDELNGS 
FOREIGN KEY(lng_guide_AT) REFERENCES guide(guide_AT)
ON DELETE CASCADE ON UPDATE CASCADE);

DROP TABLE IF EXISTS trip;
CREATE TABLE trip
(tr_id INT(11) UNSIGNED NOT NULL AUTO_INCREMENT,
tr_departure DATETIME NOT NULL,
tr_return DATETIME NOT NULL,
tr_maxseats TINYINT(4) UNSIGNED NOT NULL,
tr_cost FLOAT(7,2) UNSIGNED NOT NULL,
tr_br_code INT(11) UNSIGNED NOT NULL,
tr_gui_AT CHAR(10) NOT NULL,
tr_drv_AT CHAR(10) NOT NULL,
PRIMARY KEY(tr_id),
CONSTRAINT BRANCHTRIP
FOREIGN KEY(tr_br_code) REFERENCES branch(branch_code),
CONSTRAINT GUIDETRIP
FOREIGN KEY(tr_gui_AT) REFERENCES guide(guide_AT),
CONSTRAINT DRIVERTRIP
FOREIGN KEY(tr_drv_AT) REFERENCES driver(driver_AT)
ON DELETE CASCADE ON UPDATE CASCADE);

DROP TABLE IF EXISTS event;
CREATE TABLE event
(ev_tr_id INT(11) UNSIGNED NOT NULL,
ev_start DATETIME NOT NULL,
ev_end DATETIME NOT NULL,
ev_descr TEXT NOT NULL,
PRIMARY KEY(ev_tr_id,ev_start),
CONSTRAINT TRIPEVENT
FOREIGN KEY(ev_tr_id) REFERENCES trip(tr_id)
ON DELETE CASCADE ON UPDATE CASCADE);

DROP TABLE IF EXISTS reservation;
CREATE TABLE reservation
(res_tr_id INT(11) UNSIGNED NOT NULL,
res_seatnum TINYINT(4) UNSIGNED NOT NULL,
res_name VARCHAR(20) DEFAULT 'unknown' NOT NULL,
res_lname VARCHAR(20) DEFAULT 'unknown' NOT NULL,
res_isadult ENUM('ADULT','MINOR') NOT NULL,
PRIMARY KEY(res_tr_id,res_seatnum),
CONSTRAINT TRIPRESERVED
FOREIGN KEY(res_tr_id) REFERENCES trip(tr_id)
ON DELETE CASCADE ON UPDATE CASCADE);

DROP TABLE IF EXISTS destination;
CREATE TABLE destination
(dst_id INT(11) UNSIGNED NOT NULL AUTO_INCREMENT,
dst_name VARCHAR(50) NOT NULL,
dst_descr  TEXT NOT NULL,
dst_rtype ENUM('LOCAL','ABROAD') NOT NULL,
dst_language VARCHAR(30) NOT NULL,
dst_location INT(11) UNSIGNED NOT NULL,
PRIMARY KEY(dst_id));
   
   /* ADD SELF REFERENCE OF DESTINATION*/
   
ALTER TABLE destination
ADD CONSTRAINT DESTSELFREFERENCE
FOREIGN KEY(dst_location) REFERENCES destination(dst_id);

DROP TABLE IF EXISTS travel_to;
CREATE TABLE travel_to
(to_tr_id INT(11) UNSIGNED NOT NULL,
to_dst_id INT(11) UNSIGNED NOT NULL,
to_arrival DATETIME NOT NULL,
to_departure DATETIME NOT NULL,
PRIMARY KEY(to_tr_id),
CONSTRAINT TRIPTRAVELTO
FOREIGN KEY(to_tr_id) REFERENCES trip(tr_id),
CONSTRAINT TRAVELTODESTINATION
FOREIGN KEY(to_dst_id) REFERENCES destination(dst_id)
ON DELETE CASCADE ON UPDATE CASCADE);


/* INSERTIONS INTO THE REQUESTED TABLES */

/* BRANCH INSERTIONS */


INSERT INTO branch(branch_street,branch_num,branch_city) VALUES
("KWSTH PALAMA",30,"AGIOI THEODOROI");

INSERT INTO branch(branch_street,branch_num,branch_city) VALUES
("KASTORIAS",35,"ATHINA");

INSERT INTO branch(branch_street,branch_num,branch_city) VALUES
("LEWFOROS KIFHSOY",97,"ATHINA");

INSERT INTO branch(branch_street,branch_num,branch_city) VALUES
("MONEMVASIAS",36,"ATHINA");

INSERT INTO branch(branch_street,branch_num,branch_city) VALUES
("PRAKSIOY",10,"ATHINA");

INSERT INTO branch(branch_street,branch_num,branch_city) VALUES
("PAGASWN",99,"VOLOS");

INSERT INTO branch(branch_street,branch_num,branch_city) VALUES
("AGOURIDOU",3,"ITEA");

INSERT INTO branch(branch_street,branch_num,branch_city) VALUES
("FARWN",128,"KALAMATA");

INSERT INTO branch(branch_street,branch_num,branch_city) VALUES
("ETHNIKIS ANTISTASEWS",38,"KORINTHOS");

INSERT INTO branch(branch_street,branch_num,branch_city) VALUES
("ATHANASIADH NOVA",90,"NAUPAKTOS");

INSERT INTO branch(branch_street,branch_num,branch_city) VALUES
("AKRWTHRIOY",120,"PATRA");

INSERT INTO branch(branch_street,branch_num,branch_city) VALUES
("PANEPISTIMIOY",200,"PATRA");

INSERT INTO branch(branch_street,branch_num,branch_city) VALUES
("RHGA FERAIOY",35,"PATRA");

INSERT INTO branch(branch_street,branch_num,branch_city) VALUES
("DELHGIWRGH",25,"PEIRAIAS");

INSERT INTO branch(branch_street,branch_num,branch_city) VALUES
("YMHTTOY",88,"PEIRAIAS");

INSERT INTO branch(branch_street,branch_num,branch_city) VALUES
("TSIMISKI",90,"THESSALONIKH");

INSERT INTO branch(branch_street,branch_num,branch_city) VALUES
("LEWFOROS NIKHS",130,"THESSALONIKH");

INSERT INTO branch(branch_street,branch_num,branch_city) VALUES
("ARISTOTELOYS",200,"THESSALONIKH");

INSERT INTO branch(branch_street,branch_num,branch_city) VALUES
("VRASIDOU",32,"SPARTH");

INSERT INTO branch(branch_street,branch_num,branch_city) VALUES
("SALAMINOS",10,"XALKIDA");

INSERT INTO branch(branch_street,branch_num,branch_city) VALUES
("GERASIMOU",34,"XANIA");

INSERT INTO branch(branch_street,branch_num,branch_city) VALUES
("ARSINOIS",20,"XIOS");

/* INSERTIONS INTO PHONES */

INSERT INTO phones VALUES
(1,"2104350697");

INSERT INTO phones VALUES
(2,"2119570000");

INSERT INTO phones VALUES
(3,"2108899318");

INSERT INTO phones VALUES
(4,"2421033567");

INSERT INTO phones VALUES
(5,"2265010020");

INSERT INTO phones VALUES
(6,"2721055790");

INSERT INTO phones VALUES
(7,"2741033051");

INSERT INTO phones VALUES
(8,"2634000910");

INSERT INTO phones VALUES
(9,"2610993122");

INSERT INTO phones VALUES
(10,"2610990077");

INSERT INTO phones VALUES
(11,"2610230080");

INSERT INTO phones VALUES
(12,"2108090078");

INSERT INTO phones VALUES
(13,"2104545633");

INSERT INTO phones VALUES
(14,"2310708000");

INSERT INTO phones VALUES
(15,"2310334477");

INSERT INTO phones VALUES
(16,"2310324856");

INSERT INTO phones VALUES
(17,"3731060700");

INSERT INTO phones VALUES
(18,"2221099310");

INSERT INTO phones VALUES
(19,"2821067059");

INSERT INTO phones VALUES
(20,"2271070500");

/* INSERTIONS IN WORKER */

/* WORKERS OF BRANCH 1*/

INSERT INTO worker VALUES
("AB102210","GEWRGIOS","HLIOPOULOS",800,1); /* driver */

INSERT INTO worker VALUES
("AN272428","HLIANNA","GEWRGAKOPOYLOY",800,1); /* driver */

INSERT INTO worker VALUES
("AI212134","IWANNIS","ANASTASIOU",1500,1); /* admin */

INSERT INTO worker VALUES
("AH987765","PANAGIWTHS","TSAROUXIS",1100,1); /* guide */

/* WORKERS OF BRANCH 2 */

INSERT INTO worker VALUES
("AI584736","VASILIKI","MAXA",1500,2); /*ADMIN*/

INSERT INTO worker VALUES
("AK101314","AGGELOS","KOYMANIWTHS",800,2); /*DRIVER */

INSERT INTO worker VALUES
("AH171822","ANTREAS","NTOFIS",800,2); /* DRIVER */

INSERT INTO worker VALUES
("AM232341","GEWRGIOS","SARIDAKIS",1100,2); /* GUIDE */

/* WORKERS OF BRANCH 3 */

INSERT INTO worker VALUES
("AY756512","PANAGIWTA","VELISSARH",800,3); /* DRIVER */

INSERT INTO worker VALUES
("P918213","IWANNIS","KYRIAKOPOYLOS",800,3); /* DRIVER */

INSERT INTO worker VALUES
("AB121314","XRHSTOS","ANDRIKOPOULOS",1600,3); /* ADMIN */

INSERT INTO worker VALUES
("AX676865","MARIA","NIASTH",1130,3); /* GUIDE */

/* WORKERS OF BRANCH 4 */ /*INSERTED*/

INSERT INTO worker VALUES
("AX908878","XRISTINA","KONTOGEWRGOU",870.35,4); /* DRIVER */

INSERT INTO worker VALUES
("ΑΔ120099","PARASKEYH","LINARDOY",835.60,4);/*DRIVER*/

INSERT INTO worker VALUES
("AN272481","PERIKLIS","PAPADOPOYLOS",1120.80,4);/*GUIDE*/

INSERT INTO worker VALUES
("AI991111","VASILEIOS","DHMHTROPOYLOS",1832.42,4);/*ADMIN*/

/* WORKERS OF BRANCH 5 */

INSERT INTO worker VALUES
("ΑΛ886578","ANASTASIOS","PAPADHMHTRIOY",930.21,5); /*DRIVER*/

INSERT INTO worker VALUES
("AY108760","DESPOINA","OIKONOMOY",876,5); /*DRIVER*/

INSERT INTO worker VALUES
("AI867544","GEWRGIOS","PATRINOS",1050.23,5); /*GUIDE*/

INSERT INTO worker VALUES
("AO125677","DHMHTRIOS","PAPAXRHSTOY",1543.88,5);/*ADMIN*/

/* WORKERS OF BRANCH 6 */

INSERT INTO worker VALUES
("AN990122","DIONYSIOS","THEODWROPOYLOS",870,6); /*DRIVER*/

INSERT INTO worker VALUES
("AI543473","AGGELIKH","VASILEIADOY",1140.87,6); /*GUIDE*/

INSERT INTO worker VALUES
("AM456097","XRISTINA","KATRITZOGLOY",830,6); /*DRIVER*/

INSERT INTO worker VALUES
("Π314121","XRHSTOS","PERROS",1670,6);/*ADMIN*/

/* WORKERS OF BRANCH 7 */ /*INSERTED*/

INSERT INTO worker VALUES
("AK465732","KWNSTANTINOS","XRHSTAKHS",854.90,7); /*DRIVER*/

INSERT INTO worker VALUES
("AB758699","TRYFWN","DELOGLOY",890,7); /*DRIVER*/

INSERT INTO worker VALUES
("AH654535","HLIAS","PAPADOPOYLOS",1700.32,7);/*ADMIN*/

INSERT INTO worker VALUES
("AY121365","ANTONIA","THRYPSIALLH",1070.90,7); /*GUIDE*/

/* WORKES OF BRANCH 8 */

INSERT INTO worker VALUES
("AE252632","PANAGIWTHS","KOYVELAS",900.44,8); /*DRIVER*/

INSERT INTO worker VALUES
("AM657533","DHMHTRA","MWRAITH",910.65,8); /*DRIVER*/

INSERT INTO worker VALUES
("AN989766","NIKOLAOS","KANELLOPOYLOS",1900.34,8);/*ADMIN*/

INSERT INTO worker VALUES
("AT990233","KATERINA","PAPAIWANNOY",997.33,8); /*GUIDE*/

/*WORKERS OF BRANCH 9 */

INSERT INTO worker VALUES
("AI237345","ANASTASIA","PAPADOPOYLOY",2013.38,9);/*ADMIN*/

INSERT INTO worker VALUES
("AT673566","DHMHTRIOS","KALOGHROY",837.23,9); /*DRIVER*/

INSERT INTO worker VALUES
("P939302","IWANNA","KYVELLH",1120,9); /*GUIDE*/

INSERT INTO worker VALUES
("AN271815","MARIOS","KIOYTOYTSKAS",1024.47,9);  /*DRIVER*/

/* WORKERS OF BRANCH 10 */
 
INSERT INTO worker VALUES
("AB905543","GEWRGIOS","DHMHTRIOY",785.76,10);  /*DRIVER*/

INSERT INTO worker VALUES
("AI892193","PETROS","RAFAHLIDHS",1670.66,10);/*ADMIN*/

INSERT INTO worker VALUES
("AM892191","MHNAS","ASTERIWTHS",822,10);  /*DRIVER*/

INSERT INTO worker VALUES
("AI921012","EYAGGELIA","TOYMPESH",1034.65,10); /*GUIDE*/

/* WORKERS OF BRANCH 11 */

INSERT INTO worker VALUES
("AO873465","EIRHNH","TRYFWNIADOY",911,11);  /*DRIVER*/

INSERT INTO worker VALUES
("I912133","ANASTASIOS","LIOKAS",891.22,11);  /*DRIVER*/

INSERT INTO worker VALUES
("X721843","AGAPH","FOYNTAKH",1930.34,11);/*ADMIN*/

INSERT INTO worker VALUES
("AY734190","VASILEIOS","NIKAS",1000.30,11); /*GUIDE*/

/* WORKERS OF BRANCH 12 */

INSERT INTO worker VALUES
("AO125334","APOSTOLOS","NTOLEVAS",1990,12);/*ADMIN*/

INSERT INTO worker VALUES
("AB374839","IWANNIS","DELHGIWRGHS",1002.34,12);  /*GUIDE*/

INSERT INTO worker VALUES
("P192122","PAVLOS","XANIWTHS",800.32,12);  /*DRIVER*/

INSERT INTO worker VALUES
("X673720","ELPIDA","XARMANI",789.39,12);  /*DRIVER*/

/* WORKERS OF BRANCH 13 */

INSERT INTO worker VALUES
("AP289910","GEWRGIOS","PAPASTAVROY",1880.11,13);/*ADMIN*/

INSERT INTO worker VALUES
("AP198283","KWNSTANTINOS-MARIOS","IWANNOY",812.22,13);  /*DRIVER*/

INSERT INTO worker VALUES
("AM882391","ANTIGONH","PAPADOPOYLOY",810,13);  /*DRIVER*/

INSERT INTO worker VALUES
("AI910113","GEWRGIOS","MIXAHLIDHS",980,13); /*GUIDE*/

/* WORKERS OF BRANCH 14 */

INSERT INTO worker VALUES
("AO384322","SWTHRIOS","GEWRGAKOPOYLOS",1900,14);/*ADMIN*/
INSERT INTO worker VALUES
("AX381223","GEWRGIOS","NIKOLETSEAS",830.34,14); /*DRIVER*/

INSERT INTO worker VALUES
("AI095543","MARIA","SWTHROPOYLOY",843.11,14); /*DRIVER*/

INSERT INTO worker VALUES
("AH383899","ELENH","STAYRIDOY",954.87,14); /*GUIDE*/

/* WORKERS OF BRANCH 15 */

INSERT INTO worker VALUES
("AI290344","KWSTANTINOS","DHMHTROPOYLOS",1600.45,15);

INSERT INTO worker VALUES
("AM949312","AGGELIKH-MARIA","DENDRINOY",1020.55,15); /*GUIDE*/

INSERT INTO worker VALUES
("AN946755","HLIAS","PAPAGOY",884.54,15); /*DRIVER*/

INSERT INTO worker VALUES
("AI883019","NIKOLAOS","OIKONOMOY",877.28,15); /*DRIVER*/

/* WORKERS OF BRANCH 16 */

INSERT INTO worker VALUES
("AY480223","EYAGGELOS","KOYTSOMHTROPOYLOS",2030.54,16);/*ADMIN*/

INSERT INTO worker VALUES
("AM453743","AMALIA","KALOMOIRH",830.76,16); /*DRIVER*/

INSERT INTO worker VALUES
("AI903323","MARIOS","AGGELOY",900.20,16); /*DRIVER*/

INSERT INTO worker VALUES
("AK391875","GEWRGIOS","PAPAIWANNOY",1000.45,16); /*GUIDE*/

/* WORKERS OF BRANCH 17 */

INSERT INTO worker VALUES
("AH856654","GEWRGIA","KONTOGIANNH",839.67,17); /*DRIVER*/

INSERT INTO worker VALUES
("X848323","IWANNA","PAPADOPOYLOY",990.56,17); /*GUIDE*/

INSERT INTO worker VALUES
("AB493300","GEWRGIOS","MERMIGKHS",1700.65,17);/*ADMIN*/

INSERT INTO worker VALUES
("AO380193","ALDO","BOGDANI",815.65,17); /*DRIVER*/


/* WORKERS OF BRANCH 18 */

INSERT INTO worker VALUES
("AY465904","ELEYTHERIOS","MEGALOOIKONOMOY",860,18); /*DRIVER*/

INSERT INTO worker VALUES
("AM996506","GRHGORIOS","ELEYTHERIADHS",1800.75,18);/*ADMIN*/

INSERT INTO worker VALUES
("AT348890","XRYSOYLA",",MANTA",990.11,18); /*GUIDE*/

INSERT INTO worker VALUES
("X995032","XARALAMPOS","PAPADOPOYLOS",800,18); /*DRIVER*/

/* WORKERS OF BRANCH 19 */

INSERT INTO worker VALUES
("AI568848","KATERINA","HLIOPOYLOY",1900.55,19);/*ADMIN*/

INSERT INTO worker VALUES
("AY884833","XRISTOFOROS","KAPLANIS",880,19); /*DRIVER*/

INSERT INTO worker VALUES
("AN884431","ORESTIOS","GEWRGIOY",830.65,19); /*DRIVER*/

INSERT INTO worker VALUES
("AO105629","GEWRGIOS","XRISTOPOYLOS",1100,19); /*GUIDE*/

/* WORKERS OF BRANCH 20 */

INSERT INTO worker VALUES
("AM347762","MIXALITSA","PAPPA",1960.87,20);/*ADMIN*/

INSERT INTO worker VALUES
("AT209934","KWNSTANTINOS","PAPASTAVROY",1000,20); /*GUIDE*/

INSERT INTO worker VALUES
("AM904431","MARIA-ELENH","KARAMHTSOY",800.65,20); /*DRIVER*/

INSERT INTO worker VALUES
("AI774301","IWANNIS","XATZHSTAYRIOY",810.65,20); /*DRIVER*/

/*INSERTIONS INTO ADMIN */

INSERT INTO admin VALUES
("AI212134",'ADMINISTRATIVE',"MASTER ECONOMICS ANS LOGISTICS"); #1

INSERT INTO admin VALUES
("AI584736",'LOGISTICS',"PHD LOGISTICS"); #2

INSERT INTO admin VALUES
("AB121314",'ADMINISTRATIVE',"PHD ASOEE ECONOMICS"); #3

INSERT INTO admin VALUES
("AI991111",'ACCOUNTING',"DEGREE IN ECONOMICS AND LOGISTICS UOP"); #4

INSERT INTO admin VALUES
("AO125677",'ACCOUNTING',"DEGREE IN LOGISTICS AUTH"); #5

INSERT INTO admin VALUES
("Π314121",'ACCOUNTING',"DEGREE IN BUSINESS ADMINISTRATION"); #6

INSERT INTO admin VALUES
("AH654535",'ADMINISTRATIVE',"DEGREE IN INFORMATICS AND PHD IN DIGITAL ECONOMY"); #7

INSERT INTO admin VALUES
("AN989766",'LOGISTICS',"DEGREE IN LOGISTICS UOP"); #8

INSERT INTO admin VALUES
("AI237345",'ACCOUNTING',"MASTER IN ECONOMICS AND LOGISTICS UOP"); #9

INSERT INTO admin VALUES
("AI892193",'ADMINISTRATIVE',"ECONOMICS DEGREE"); #10

INSERT INTO admin VALUES
("X721843",'LOGISTICS',"PHD IN LOGISTICS"); #11

INSERT INTO admin VALUES
("AO125334",'ADMINISTRATIVE',"PHD IN LOGISTICS ASOEE"); #12

INSERT INTO admin VALUES
("AP289910",'ADMINISTRATIVE',"DEGREE IN ECONOMICS AND BUSINESS ADMINISTRATION"); #13

INSERT INTO admin VALUES
("AO384322",'LOGISTICS',"DEGREE IN LOGISTICS UOP"); #14

INSERT INTO admin VALUES
("AI290344",'LOGISTICS',"DEGREE IN ECONOMICS AND LOGISTICS"); #15

INSERT INTO admin VALUES
("AY480223",'ADMINISTRATIVE',"PHD IN ECONOMICS"); #16

INSERT INTO admin VALUES
("AB493300",'ACCOUNTING',"PHD IN ECONOMICS UOP"); #17

INSERT INTO admin VALUES
("AM996506",'ACCOUNTING',"DEGREE IN LOGISTICS"); #18

INSERT INTO admin VALUES
("AI568848",'ADMINISTRATIVE',"PHD IN ECONOMICS AND LOGISTICS"); #19

INSERT INTO admin VALUES
("AM347762",'LOGISTICS',"PHD IN LOGISTICS UOC"); #20

/* INSERTIONS IN MANAGES */

INSERT INTO manages VALUES
("AI212134",1);

INSERT INTO manages VALUES
("AI584736",2);

INSERT INTO manages VALUES
("AB121314",3);

INSERT INTO manages VALUES
("AI991111",4);

INSERT INTO manages VALUES
("AO125677",5);

INSERT INTO manages VALUES
("Π314121",6);

INSERT INTO manages VALUES
("AH654535",7);

INSERT INTO manages VALUES
("AN989766",8);

INSERT INTO manages VALUES
("AI237345",9);

INSERT INTO manages VALUES
("AI892193",10);

INSERT INTO manages VALUES
("X721843",11);

INSERT INTO manages VALUES
("AO125334",12);

INSERT INTO manages VALUES
("AP289910",13);

INSERT INTO manages VALUES
("AO384322",14);

INSERT INTO manages VALUES
("AI290344",15);

INSERT INTO manages VALUES
("AY480223",16);

INSERT INTO manages VALUES
("AB493300",17);

INSERT INTO manages VALUES
("AM996506",18);

INSERT INTO manages VALUES
("AI568848",19);

INSERT INTO manages VALUES
("AM347762",20);

/* Insertions in driver */

/* BrancH 1 */

INSERT INTO driver VALUES
("AB102210",'B','LOCAL',8);

INSERT INTO driver VALUES
("AN272428",'C','ABROAD',11);

/*BRANCH 2*/

INSERT INTO driver VALUES
("AK101314",'A','LOCAL',9);

INSERT INTO driver VALUES
("AH171822",'B','ABROAD',8);

/*BRANCH 3*/

INSERT INTO driver VALUES
("AY756512",'A','ABROAD',19);

INSERT INTO driver VALUES
("P918213",'B','LOCAL',14);

/*BRANCH 4*/

INSERT INTO driver VALUES
("AX908878",'C','LOCAL',6);

INSERT INTO driver VALUES
("ΑΔ120099",'A','ABROAD',11);

/* BRANCH 5 */

INSERT INTO driver VALUES
("ΑΛ886578",'C','LOCAL',10);

INSERT INTO driver VALUES
("AY108760",'A','ABROAD',16);

/* BRANCH 6 */

INSERT INTO driver VALUES
("AN990122",'A','LOCAL',10);

INSERT INTO driver VALUES
("AM456097",'B','ABROAD',12);

/* BRANCH 7 */

INSERT INTO driver VALUES
("AK465732",'A','LOCAL',20);

INSERT INTO driver VALUES
("AB758699",'B','ABROAD',21);

/* BRANCH  8*/

INSERT INTO driver VALUES
("AE252632",'D','LOCAL',6);

INSERT INTO driver VALUES
("AM657533",'C','ABROAD',10);

/* BRANCH 9 */

INSERT INTO driver VALUES
("AT673566",'A','LOCAL',29);

INSERT INTO driver VALUES
("AN271815",'C','ABROAD',18);

/* BRANCH 10*/

INSERT INTO driver VALUES
("AB905543",'B','LOCAL',11);

INSERT INTO driver VALUES
("AM892191",'A','ABROAD',30);

/* BRANCH 11 */

INSERT INTO driver VALUES
("AO873465",'A','ABROAD',19);

INSERT INTO driver VALUES
("I912133",'C','LOCAL',12);

/* BRANCH 12 */

INSERT INTO driver VALUES
("X673720",'C','LOCAL',9);

INSERT INTO driver VALUES
("P192122",'D','ABROAD',17);

/* BRANCH 13 */

INSERT INTO driver VALUES
("AM882391",'A','LOCAL',8);

INSERT INTO driver VALUES
("AP198283",'B','ABROAD',15);

/* BRANCH 14 */

INSERT INTO driver VALUES
("AX381223",'D','LOCAL',10);

INSERT INTO driver VALUES
("AI095543",'A','ABROAD',17);

/* BRANCH 15 */

INSERT INTO driver VALUES
("AN946755",'D','LOCAL',11);

INSERT INTO driver VALUES
("AI883019",'A','ABROAD',20);

/* BRANCH 16 */

INSERT INTO driver VALUES
("AM453743",'C','LOCAL',23);

INSERT INTO driver VALUES
("AI903323",'B','ABROAD',19);

/* BRANCH 17 */

INSERT INTO driver VALUES
("AH856654",'B','LOCAL',11);

INSERT INTO driver VALUES
("AO380193",'D','ABROAD',20);

/* BRANCH 18 */

INSERT INTO driver VALUES
("AY465904",'C','LOCAL',29);

INSERT INTO driver VALUES
("X995032",'D','ABROAD',19);

/* BRANCH 19 */

INSERT INTO driver VALUES
("AY884833",'B','LOCAL',16);

INSERT INTO driver VALUES
("AN884431",'C','ABROAD',20);

/* BRANCH 20 */

INSERT INTO driver VALUES
("AM904431",'D','LOCAL',19);

INSERT INTO driver VALUES
("AI774301",'A','ABROAD',17);

/* INSERTIONS IN GUIDE */

INSERT INTO guide VALUES
("AH987765","He speaks english fluently and he likes winter and christmas places."); #1

INSERT INTO guide VALUES
("AM232341","He speaks german and he knows a lot about european history."); #2

INSERT INTO guide VALUES
("AX676865","She speaks english and she knows a lot about ancient greece. She likes greek museums."); #3

INSERT INTO guide VALUES
("AN272481","He speaks french ands he knows about roman empire."); #4

INSERT INTO guide VALUES
("AI867544","He speaks english."); #5

INSERT INTO guide VALUES
("AI543473","She speaks chinese and she knows a lot about chinese culture."); #6

INSERT INTO guide VALUES
("AY121365","She speaks english"); #7

INSERT INTO guide VALUES
("AT990233","She speaks spanish. She likes spain in general"); #8

INSERT INTO guide VALUES
("P939302","She speaks english. She likes travelling inside greece."); #9

INSERT INTO guide VALUES
("AI921012","She speaks english and german. She likes travelling and going to ancient temples."); #10

INSERT INTO guide VALUES
("AY734190","He speaks russian. He likes eastern european culture and he knows about slavic history"); #11

INSERT INTO guide VALUES
("AB374839","He speaks english. He knows about greek revolution."); #12

INSERT INTO guide VALUES
("AI910113","He speaks german. He likes a lot going to German for octoberfest."); #13

INSERT INTO guide VALUES
("AH383899","She speaks english and knows about english culture.She goes to great britain frequently."); #14

INSERT INTO guide VALUES
("AM949312","She speaks english and she knows a lot about minoan culture."); #15

INSERT INTO guide VALUES
("AK391875","He speaks italian. He loves italian history and culture. Travels to italy a lot"); #16

INSERT INTO guide VALUES
("X848323","She speaks turkish. She knows about pontian history."); #17

INSERT INTO guide VALUES
("AT348890","She speaks swedish."); #18

INSERT INTO guide VALUES
("AO105629","He speaks english and he used to work in the athenian museum of Acropolis."); #19

INSERT INTO guide VALUES
("AT209934","He speaks german. He likes Bavarian culture."); #20

/* INSERTION IN LANGUAGES */

INSERT INTO languages VALUES
("AH987765","ENGLISH"), #1
("AM232341","GERMAN"), #2
("AX676865","ENGLISH"), #3
("AN272481","FRENCH"), #4
("AI867544","ENGLISH"), #5
("AI543473","CHINESE"), #6
("AY121365","ENGLISH"), #7
("AT990233","SPANISH"), #8
("P939302","ENGLISH"), #9
("AI921012","ENGLISH,GERMAN"), #10
("AY734190","RUSSIAN"), #11
("AB374839","ENGLISH"), #12
("AI910113","GERMAN"), #13
("AH383899","ENGLISH"), #14
("AM949312","ENGLISH"), #15
("AK391875","ITALIAN"), #16
("X848323","TURKISH"), #17
("AT348890","SWEDISH"), #18
("AO105629","ENGLISH"), #19
("AT209934","GERMAN"); #20











